MeterId,StartDate,EndDate,Value (kWh),Notes
10443720000759353,2018-08-05 00:00:00,2018-08-05 01:00:00,2.343,
10443720000759353,2018-08-05 01:00:00,2018-08-05 02:00:00,1.211,
10443720000759353,2018-08-05 02:00:00,2018-08-05 03:00:00,1.199,
10443720000759353,2018-08-05 03:00:00,2018-08-05 04:00:00,2.251,
10443720000759353,2018-08-05 04:00:00,2018-08-05 05:00:00,1.064,
10443720000759353,2018-08-05 05:00:00,2018-08-05 06:00:00,1.452,
10443720000759353,2018-08-05 06:00:00,2018-08-05 07:00:00,1.843,
10443720000759353,2018-08-05 07:00:00,2018-08-05 08:00:00,1.301,
10443720000759353,2018-08-05 08:00:00,2018-08-05 09:00:00,0.993,
10443720000759353,2018-08-05 09:00:00,2018-08-05 10:00:00,1.216,
10443720000759353,2018-08-05 10:00:00,2018-08-05 11:00:00,1.978,
10443720000759353,2018-08-05 11:00:00,2018-08-05 12:00:00,1.477,
10443720000759353,2018-08-05 12:00:00,2018-08-05 13:00:00,2.441,
10443720000759353,2018-08-05 13:00:00,2018-08-05 14:00:00,2.5,
10443720000759353,2018-08-05 14:00:00,2018-08-05 15:00:00,2.546,
10443720000759353,2018-08-05 15:00:00,2018-08-05 16:00:00,2.584,
10443720000759353,2018-08-05 16:00:00,2018-08-05 17:00:00,2.57,
10443720000759353,2018-08-05 17:00:00,2018-08-05 18:00:00,2.895,
10443720000759353,2018-08-05 18:00:00,2018-08-05 19:00:00,2.547,
10443720000759353,2018-08-05 19:00:00,2018-08-05 20:00:00,2.512,
10443720000759353,2018-08-05 20:00:00,2018-08-05 21:00:00,2.489,
10443720000759353,2018-08-05 21:00:00,2018-08-05 22:00:00,2.471,
10443720000759353,2018-08-05 22:00:00,2018-08-05 23:00:00,2.459,
10443720000759353,2018-08-05 23:00:00,2018-08-06 00:00:00,2.073,
10443720000759353,2018-08-06 00:00:00,2018-08-06 01:00:00,2.223,
10443720000759353,2018-08-06 01:00:00,2018-08-06 02:00:00,1.426,
10443720000759353,2018-08-06 02:00:00,2018-08-06 03:00:00,1.424,
10443720000759353,2018-08-06 03:00:00,2018-08-06 04:00:00,2.217,
10443720000759353,2018-08-06 04:00:00,2018-08-06 05:00:00,1.581,
10443720000759353,2018-08-06 05:00:00,2018-08-06 06:00:00,1.079,
10443720000759353,2018-08-06 06:00:00,2018-08-06 07:00:00,1.071,
10443720000759353,2018-08-06 07:00:00,2018-08-06 08:00:00,1.663,
10443720000759353,2018-08-06 08:00:00,2018-08-06 09:00:00,1.537,
10443720000759353,2018-08-06 09:00:00,2018-08-06 10:00:00,1.099,
10443720000759353,2018-08-06 10:00:00,2018-08-06 11:00:00,1.171,
10443720000759353,2018-08-06 11:00:00,2018-08-06 12:00:00,2.411,
10443720000759353,2018-08-06 12:00:00,2018-08-06 13:00:00,2.432,
10443720000759353,2018-08-06 13:00:00,2018-08-06 14:00:00,2.858,
10443720000759353,2018-08-06 14:00:00,2018-08-06 15:00:00,3.304,
10443720000759353,2018-08-06 15:00:00,2018-08-06 16:00:00,3.127,
10443720000759353,2018-08-06 16:00:00,2018-08-06 17:00:00,3.105,
10443720000759353,2018-08-06 17:00:00,2018-08-06 18:00:00,3.024,
10443720000759353,2018-08-06 18:00:00,2018-08-06 19:00:00,2.103,
10443720000759353,2018-08-06 19:00:00,2018-08-06 20:00:00,4.261,
10443720000759353,2018-08-06 20:00:00,2018-08-06 21:00:00,2.916,
10443720000759353,2018-08-06 21:00:00,2018-08-06 22:00:00,3.552,
10443720000759353,2018-08-06 22:00:00,2018-08-06 23:00:00,2.932,
10443720000759353,2018-08-06 23:00:00,2018-08-07 00:00:00,2.404,
10443720000759353,2018-08-07 00:00:00,2018-08-07 01:00:00,2.338,
10443720000759353,2018-08-07 01:00:00,2018-08-07 02:00:00,2.296,
10443720000759353,2018-08-07 02:00:00,2018-08-07 03:00:00,2.226,
10443720000759353,2018-08-07 03:00:00,2018-08-07 04:00:00,1.397,
10443720000759353,2018-08-07 04:00:00,2018-08-07 05:00:00,1.444,
10443720000759353,2018-08-07 05:00:00,2018-08-07 06:00:00,1.45,
10443720000759353,2018-08-07 06:00:00,2018-08-07 07:00:00,1.289,
10443720000759353,2018-08-07 07:00:00,2018-08-07 08:00:00,1.585,
10443720000759353,2018-08-07 08:00:00,2018-08-07 09:00:00,1.387,
10443720000759353,2018-08-07 09:00:00,2018-08-07 10:00:00,2.412,
10443720000759353,2018-08-07 10:00:00,2018-08-07 11:00:00,3.641,
10443720000759353,2018-08-07 11:00:00,2018-08-07 12:00:00,3.09,
10443720000759353,2018-08-07 12:00:00,2018-08-07 13:00:00,2.873,
10443720000759353,2018-08-07 13:00:00,2018-08-07 14:00:00,2.484,
10443720000759353,2018-08-07 14:00:00,2018-08-07 15:00:00,2.473,
10443720000759353,2018-08-07 15:00:00,2018-08-07 16:00:00,2.508,
10443720000759353,2018-08-07 16:00:00,2018-08-07 17:00:00,2.84,
10443720000759353,2018-08-07 17:00:00,2018-08-07 18:00:00,2.503,
10443720000759353,2018-08-07 18:00:00,2018-08-07 19:00:00,2.625,
10443720000759353,2018-08-07 19:00:00,2018-08-07 20:00:00,2.641,
10443720000759353,2018-08-07 20:00:00,2018-08-07 21:00:00,2.828,
10443720000759353,2018-08-07 21:00:00,2018-08-07 22:00:00,3.585,
10443720000759353,2018-08-07 22:00:00,2018-08-07 23:00:00,2.418,
10443720000759353,2018-08-07 23:00:00,2018-08-08 00:00:00,2.391,
10443720000759353,2018-08-08 00:00:00,2018-08-08 01:00:00,2.336,
10443720000759353,2018-08-08 01:00:00,2018-08-08 02:00:00,2.651,
10443720000759353,2018-08-08 02:00:00,2018-08-08 03:00:00,2.338,
10443720000759353,2018-08-08 03:00:00,2018-08-08 04:00:00,2.285,
10443720000759353,2018-08-08 04:00:00,2018-08-08 05:00:00,1.177,
10443720000759353,2018-08-08 05:00:00,2018-08-08 06:00:00,2.235,
10443720000759353,2018-08-08 06:00:00,2018-08-08 07:00:00,1.104,
10443720000759353,2018-08-08 07:00:00,2018-08-08 08:00:00,1.199,
10443720000759353,2018-08-08 08:00:00,2018-08-08 09:00:00,2.151,
10443720000759353,2018-08-08 09:00:00,2018-08-08 10:00:00,1.103,
10443720000759353,2018-08-08 10:00:00,2018-08-08 11:00:00,2.321,
10443720000759353,2018-08-08 11:00:00,2018-08-08 12:00:00,2.669,
10443720000759353,2018-08-08 12:00:00,2018-08-08 13:00:00,2.406,
10443720000759353,2018-08-08 13:00:00,2018-08-08 14:00:00,2.405,
10443720000759353,2018-08-08 14:00:00,2018-08-08 15:00:00,2.396,
10443720000759353,2018-08-08 15:00:00,2018-08-08 16:00:00,2.443,
10443720000759353,2018-08-08 16:00:00,2018-08-08 17:00:00,2.517,
10443720000759353,2018-08-08 17:00:00,2018-08-08 18:00:00,2.391,
10443720000759353,2018-08-08 18:00:00,2018-08-08 19:00:00,2.507,
10443720000759353,2018-08-08 19:00:00,2018-08-08 20:00:00,2.691,
10443720000759353,2018-08-08 20:00:00,2018-08-08 21:00:00,2.86,
10443720000759353,2018-08-08 21:00:00,2018-08-08 22:00:00,2.372,
10443720000759353,2018-08-08 22:00:00,2018-08-08 23:00:00,2.336,
10443720000759353,2018-08-08 23:00:00,2018-08-09 00:00:00,1.852,
10443720000759353,2018-08-09 00:00:00,2018-08-09 01:00:00,1.323,
10443720000759353,2018-08-09 01:00:00,2018-08-09 02:00:00,1.771,
10443720000759353,2018-08-09 02:00:00,2018-08-09 03:00:00,1.082,
10443720000759353,2018-08-09 03:00:00,2018-08-09 04:00:00,1.527,
10443720000759353,2018-08-09 04:00:00,2018-08-09 05:00:00,1.328,
10443720000759353,2018-08-09 05:00:00,2018-08-09 06:00:00,0.73,
10443720000759353,2018-08-09 06:00:00,2018-08-09 07:00:00,1.95,
10443720000759353,2018-08-09 07:00:00,2018-08-09 08:00:00,0.145,
10443720000759353,2018-08-09 08:00:00,2018-08-09 09:00:00,1.623,
10443720000759353,2018-08-09 09:00:00,2018-08-09 10:00:00,0.898,
10443720000759353,2018-08-09 10:00:00,2018-08-09 11:00:00,1.924,
10443720000759353,2018-08-09 11:00:00,2018-08-09 12:00:00,1.336,
10443720000759353,2018-08-09 12:00:00,2018-08-09 13:00:00,2.338,
10443720000759353,2018-08-09 13:00:00,2018-08-09 14:00:00,1.538,
10443720000759353,2018-08-09 14:00:00,2018-08-09 15:00:00,2.172,
10443720000759353,2018-08-09 15:00:00,2018-08-09 16:00:00,2.475,
10443720000759353,2018-08-09 16:00:00,2018-08-09 17:00:00,2.461,
10443720000759353,2018-08-09 17:00:00,2018-08-09 18:00:00,2.691,
10443720000759353,2018-08-09 18:00:00,2018-08-09 19:00:00,2.45,
10443720000759353,2018-08-09 19:00:00,2018-08-09 20:00:00,2.492,
10443720000759353,2018-08-09 20:00:00,2018-08-09 21:00:00,2.692,
10443720000759353,2018-08-09 21:00:00,2018-08-09 22:00:00,1.387,
10443720000759353,2018-08-09 22:00:00,2018-08-09 23:00:00,1.824,
10443720000759353,2018-08-09 23:00:00,2018-08-10 00:00:00,0.772,
10443720000759353,2018-08-10 00:00:00,2018-08-10 01:00:00,1.885,
10443720000759353,2018-08-10 01:00:00,2018-08-10 02:00:00,0.202,
10443720000759353,2018-08-10 02:00:00,2018-08-10 03:00:00,1.444,
10443720000759353,2018-08-10 03:00:00,2018-08-10 04:00:00,1.084,
10443720000759353,2018-08-10 04:00:00,2018-08-10 05:00:00,1.342,
10443720000759353,2018-08-10 05:00:00,2018-08-10 06:00:00,0.605,
10443720000759353,2018-08-10 06:00:00,2018-08-10 07:00:00,1.089,
10443720000759353,2018-08-10 07:00:00,2018-08-10 08:00:00,0.448,
10443720000759353,2018-08-10 08:00:00,2018-08-10 09:00:00,0.978,
10443720000759353,2018-08-10 09:00:00,2018-08-10 10:00:00,0.976,
10443720000759353,2018-08-10 10:00:00,2018-08-10 11:00:00,1.054,
10443720000759353,2018-08-10 11:00:00,2018-08-10 12:00:00,0.653,
10443720000759353,2018-08-10 12:00:00,2018-08-10 13:00:00,0.658,
10443720000759353,2018-08-10 13:00:00,2018-08-10 14:00:00,1.149,
10443720000759353,2018-08-10 14:00:00,2018-08-10 15:00:00,1.96,
10443720000759353,2018-08-10 15:00:00,2018-08-10 16:00:00,1.568,
10443720000759353,2018-08-10 16:00:00,2018-08-10 17:00:00,2.283,
10443720000759353,2018-08-10 17:00:00,2018-08-10 18:00:00,2.762,
10443720000759353,2018-08-10 18:00:00,2018-08-10 19:00:00,1.647,
10443720000759353,2018-08-10 19:00:00,2018-08-10 20:00:00,2.143,
10443720000759353,2018-08-10 20:00:00,2018-08-10 21:00:00,3.849,
10443720000759353,2018-08-10 21:00:00,2018-08-10 22:00:00,3.859,
10443720000759353,2018-08-10 22:00:00,2018-08-10 23:00:00,2.885,
10443720000759353,2018-08-10 23:00:00,2018-08-11 00:00:00,1.16,
10443720000759353,2018-08-11 00:00:00,2018-08-11 01:00:00,1.363,
10443720000759353,2018-08-11 01:00:00,2018-08-11 02:00:00,1.239,
10443720000759353,2018-08-11 02:00:00,2018-08-11 03:00:00,1.187,
10443720000759353,2018-08-11 03:00:00,2018-08-11 04:00:00,1.229,
10443720000759353,2018-08-11 04:00:00,2018-08-11 05:00:00,1.03,
10443720000759353,2018-08-11 05:00:00,2018-08-11 06:00:00,1.161,
10443720000759353,2018-08-11 06:00:00,2018-08-11 07:00:00,0.932,
10443720000759353,2018-08-11 07:00:00,2018-08-11 08:00:00,1.939,
10443720000759353,2018-08-11 08:00:00,2018-08-11 09:00:00,1.673,
10443720000759353,2018-08-11 09:00:00,2018-08-11 10:00:00,0.783,
10443720000759353,2018-08-11 10:00:00,2018-08-11 11:00:00,1.694,
10443720000759353,2018-08-11 11:00:00,2018-08-11 12:00:00,0.499,
10443720000759353,2018-08-11 12:00:00,2018-08-11 13:00:00,1.72,
10443720000759353,2018-08-11 13:00:00,2018-08-11 14:00:00,0.933,
10443720000759353,2018-08-11 14:00:00,2018-08-11 15:00:00,1.317,
10443720000759353,2018-08-11 15:00:00,2018-08-11 16:00:00,1.013,
10443720000759353,2018-08-11 16:00:00,2018-08-11 17:00:00,1.33,
10443720000759353,2018-08-11 17:00:00,2018-08-11 18:00:00,2.804,
10443720000759353,2018-08-11 18:00:00,2018-08-11 19:00:00,2.708,
10443720000759353,2018-08-11 19:00:00,2018-08-11 20:00:00,2.767,
10443720000759353,2018-08-11 20:00:00,2018-08-11 21:00:00,3.321,
10443720000759353,2018-08-11 21:00:00,2018-08-11 22:00:00,3.946,
10443720000759353,2018-08-11 22:00:00,2018-08-11 23:00:00,3.304,
10443720000759353,2018-08-11 23:00:00,2018-08-12 00:00:00,2.504,
10443720000759353,2018-08-12 00:00:00,2018-08-12 01:00:00,4.617,
10443720000759353,2018-08-12 01:00:00,2018-08-12 02:00:00,1.524,
10443720000759353,2018-08-12 02:00:00,2018-08-12 03:00:00,1.096,
10443720000759353,2018-08-12 03:00:00,2018-08-12 04:00:00,1.637,
10443720000759353,2018-08-12 04:00:00,2018-08-12 05:00:00,1.094,
10443720000759353,2018-08-12 05:00:00,2018-08-12 06:00:00,1.259,
10443720000759353,2018-08-12 06:00:00,2018-08-12 07:00:00,1.626,
10443720000759353,2018-08-12 07:00:00,2018-08-12 08:00:00,0.396,
10443720000759353,2018-08-12 08:00:00,2018-08-12 09:00:00,2.672,
10443720000759353,2018-08-12 09:00:00,2018-08-12 10:00:00,2.061,
10443720000759353,2018-08-12 10:00:00,2018-08-12 11:00:00,3.879,
10443720000759353,2018-08-12 11:00:00,2018-08-12 12:00:00,3.142,
10443720000759353,2018-08-12 12:00:00,2018-08-12 13:00:00,1.333,
10443720000759353,2018-08-12 13:00:00,2018-08-12 14:00:00,2.01,
10443720000759353,2018-08-12 14:00:00,2018-08-12 15:00:00,2.289,
10443720000759353,2018-08-12 15:00:00,2018-08-12 16:00:00,2.716,
10443720000759353,2018-08-12 16:00:00,2018-08-12 17:00:00,2.607,
10443720000759353,2018-08-12 17:00:00,2018-08-12 18:00:00,3.637,
10443720000759353,2018-08-12 18:00:00,2018-08-12 19:00:00,4.109,
10443720000759353,2018-08-12 19:00:00,2018-08-12 20:00:00,2.864,
10443720000759353,2018-08-12 20:00:00,2018-08-12 21:00:00,1.983,
10443720000759353,2018-08-12 21:00:00,2018-08-12 22:00:00,2.176,
10443720000759353,2018-08-12 22:00:00,2018-08-12 23:00:00,1.925,
10443720000759353,2018-08-12 23:00:00,2018-08-13 00:00:00,2.839,
10443720000759353,2018-08-13 00:00:00,2018-08-13 01:00:00,3.346,
10443720000759353,2018-08-13 01:00:00,2018-08-13 02:00:00,2.681,
10443720000759353,2018-08-13 02:00:00,2018-08-13 03:00:00,2.029,
10443720000759353,2018-08-13 03:00:00,2018-08-13 04:00:00,1.159,
10443720000759353,2018-08-13 04:00:00,2018-08-13 05:00:00,1.681,
10443720000759353,2018-08-13 05:00:00,2018-08-13 06:00:00,1.161,
10443720000759353,2018-08-13 06:00:00,2018-08-13 07:00:00,1.694,
10443720000759353,2018-08-13 07:00:00,2018-08-13 08:00:00,1.067,
10443720000759353,2018-08-13 08:00:00,2018-08-13 09:00:00,0.541,
10443720000759353,2018-08-13 09:00:00,2018-08-13 10:00:00,2.035,
10443720000759353,2018-08-13 10:00:00,2018-08-13 11:00:00,1.817,
10443720000759353,2018-08-13 11:00:00,2018-08-13 12:00:00,2.993,
10443720000759353,2018-08-13 12:00:00,2018-08-13 13:00:00,2.071,
10443720000759353,2018-08-13 13:00:00,2018-08-13 14:00:00,3.162,
10443720000759353,2018-08-13 14:00:00,2018-08-13 15:00:00,3.147,
10443720000759353,2018-08-13 15:00:00,2018-08-13 16:00:00,1.569,
10443720000759353,2018-08-13 16:00:00,2018-08-13 17:00:00,1.595,
10443720000759353,2018-08-13 17:00:00,2018-08-13 18:00:00,1.207,
10443720000759353,2018-08-13 18:00:00,2018-08-13 19:00:00,1.686,
10443720000759353,2018-08-13 19:00:00,2018-08-13 20:00:00,1.453,
10443720000759353,2018-08-13 20:00:00,2018-08-13 21:00:00,1.07,
10443720000759353,2018-08-13 21:00:00,2018-08-13 22:00:00,0.863,
10443720000759353,2018-08-13 22:00:00,2018-08-13 23:00:00,2.142,
10443720000759353,2018-08-13 23:00:00,2018-08-14 00:00:00,1.779,
10443720000759353,2018-08-14 00:00:00,2018-08-14 01:00:00,1.673,
10443720000759353,2018-08-14 01:00:00,2018-08-14 02:00:00,1.623,
10443720000759353,2018-08-14 02:00:00,2018-08-14 03:00:00,1.192,
10443720000759353,2018-08-14 03:00:00,2018-08-14 04:00:00,1.874,
10443720000759353,2018-08-14 04:00:00,2018-08-14 05:00:00,0.776,
10443720000759353,2018-08-14 05:00:00,2018-08-14 06:00:00,1.155,
10443720000759353,2018-08-14 06:00:00,2018-08-14 07:00:00,0.205,
10443720000759353,2018-08-14 07:00:00,2018-08-14 08:00:00,1.472,
10443720000759353,2018-08-14 08:00:00,2018-08-14 09:00:00,0.809,
10443720000759353,2018-08-14 09:00:00,2018-08-14 10:00:00,0.718,
10443720000759353,2018-08-14 10:00:00,2018-08-14 11:00:00,2.565,
10443720000759353,2018-08-14 11:00:00,2018-08-14 12:00:00,2.614,
10443720000759353,2018-08-14 12:00:00,2018-08-14 13:00:00,2.57,
10443720000759353,2018-08-14 13:00:00,2018-08-14 14:00:00,3.76,
10443720000759353,2018-08-14 14:00:00,2018-08-14 15:00:00,2.466,
10443720000759353,2018-08-14 15:00:00,2018-08-14 16:00:00,2.288,
10443720000759353,2018-08-14 16:00:00,2018-08-14 17:00:00,2.833,
10443720000759353,2018-08-14 17:00:00,2018-08-14 18:00:00,2.049,
10443720000759353,2018-08-14 18:00:00,2018-08-14 19:00:00,2.577,
10443720000759353,2018-08-14 19:00:00,2018-08-14 20:00:00,2.02,
10443720000759353,2018-08-14 20:00:00,2018-08-14 21:00:00,2.112,
10443720000759353,2018-08-14 21:00:00,2018-08-14 22:00:00,2.252,
10443720000759353,2018-08-14 22:00:00,2018-08-14 23:00:00,2.418,
10443720000759353,2018-08-14 23:00:00,2018-08-15 00:00:00,2.195,
10443720000759353,2018-08-15 00:00:00,2018-08-15 01:00:00,2.114,
10443720000759353,2018-08-15 01:00:00,2018-08-15 02:00:00,1.271,
10443720000759353,2018-08-15 02:00:00,2018-08-15 03:00:00,1.877,
10443720000759353,2018-08-15 03:00:00,2018-08-15 04:00:00,1.282,
10443720000759353,2018-08-15 04:00:00,2018-08-15 05:00:00,1.847,
10443720000759353,2018-08-15 05:00:00,2018-08-15 06:00:00,0.982,
10443720000759353,2018-08-15 06:00:00,2018-08-15 07:00:00,1.441,
10443720000759353,2018-08-15 07:00:00,2018-08-15 08:00:00,1.786,
10443720000759353,2018-08-15 08:00:00,2018-08-15 09:00:00,1.8,
10443720000759353,2018-08-15 09:00:00,2018-08-15 10:00:00,1.798,
10443720000759353,2018-08-15 10:00:00,2018-08-15 11:00:00,2.456,
10443720000759353,2018-08-15 11:00:00,2018-08-15 12:00:00,2.121,
10443720000759353,2018-08-15 12:00:00,2018-08-15 13:00:00,2.67,
10443720000759353,2018-08-15 13:00:00,2018-08-15 14:00:00,2.668,
10443720000759353,2018-08-15 14:00:00,2018-08-15 15:00:00,3.443,
10443720000759353,2018-08-15 15:00:00,2018-08-15 16:00:00,2.757,
10443720000759353,2018-08-15 16:00:00,2018-08-15 17:00:00,2.841,
10443720000759353,2018-08-15 17:00:00,2018-08-15 18:00:00,2.786,
10443720000759353,2018-08-15 18:00:00,2018-08-15 19:00:00,2.651,
10443720000759353,2018-08-15 19:00:00,2018-08-15 20:00:00,2.679,
10443720000759353,2018-08-15 20:00:00,2018-08-15 21:00:00,4.36,
10443720000759353,2018-08-15 21:00:00,2018-08-15 22:00:00,3.594,
10443720000759353,2018-08-15 22:00:00,2018-08-15 23:00:00,3.025,
10443720000759353,2018-08-15 23:00:00,2018-08-16 00:00:00,2.837,
10443720000759353,2018-08-16 00:00:00,2018-08-16 01:00:00,2.546,
10443720000759353,2018-08-16 01:00:00,2018-08-16 02:00:00,2.496,
10443720000759353,2018-08-16 02:00:00,2018-08-16 03:00:00,2.441,
10443720000759353,2018-08-16 03:00:00,2018-08-16 04:00:00,1.789,
10443720000759353,2018-08-16 04:00:00,2018-08-16 05:00:00,1.811,
10443720000759353,2018-08-16 05:00:00,2018-08-16 06:00:00,1.669,
10443720000759353,2018-08-16 06:00:00,2018-08-16 07:00:00,1.472,
10443720000759353,2018-08-16 07:00:00,2018-08-16 08:00:00,1.572,
10443720000759353,2018-08-16 08:00:00,2018-08-16 09:00:00,1.42,
10443720000759353,2018-08-16 09:00:00,2018-08-16 10:00:00,1.441,
10443720000759353,2018-08-16 10:00:00,2018-08-16 11:00:00,4.458,
10443720000759353,2018-08-16 11:00:00,2018-08-16 12:00:00,2.471,
10443720000759353,2018-08-16 12:00:00,2018-08-16 13:00:00,3.584,
10443720000759353,2018-08-16 13:00:00,2018-08-16 14:00:00,3.316,
10443720000759353,2018-08-16 14:00:00,2018-08-16 15:00:00,3.659,
10443720000759353,2018-08-16 15:00:00,2018-08-16 16:00:00,2.581,
10443720000759353,2018-08-16 16:00:00,2018-08-16 17:00:00,2.739,
10443720000759353,2018-08-16 17:00:00,2018-08-16 18:00:00,2.75,
10443720000759353,2018-08-16 18:00:00,2018-08-16 19:00:00,3.038,
10443720000759353,2018-08-16 19:00:00,2018-08-16 20:00:00,2.684,
10443720000759353,2018-08-16 20:00:00,2018-08-16 21:00:00,3.52,
10443720000759353,2018-08-16 21:00:00,2018-08-16 22:00:00,4.015,
10443720000759353,2018-08-16 22:00:00,2018-08-16 23:00:00,3.381,
10443720000759353,2018-08-16 23:00:00,2018-08-17 00:00:00,2.919,
10443720000759353,2018-08-17 00:00:00,2018-08-17 01:00:00,2.719,
10443720000759353,2018-08-17 01:00:00,2018-08-17 02:00:00,2.651,
10443720000759353,2018-08-17 02:00:00,2018-08-17 03:00:00,2.954,
10443720000759353,2018-08-17 03:00:00,2018-08-17 04:00:00,2.623,
10443720000759353,2018-08-17 04:00:00,2018-08-17 05:00:00,2.582,
10443720000759353,2018-08-17 05:00:00,2018-08-17 06:00:00,1.632,
10443720000759353,2018-08-17 06:00:00,2018-08-17 07:00:00,2.383,
10443720000759353,2018-08-17 07:00:00,2018-08-17 08:00:00,1.528,
10443720000759353,2018-08-17 08:00:00,2018-08-17 09:00:00,2.201,
10443720000759353,2018-08-17 09:00:00,2018-08-17 10:00:00,1.852,
10443720000759353,2018-08-17 10:00:00,2018-08-17 11:00:00,2.379,
10443720000759353,2018-08-17 11:00:00,2018-08-17 12:00:00,2.556,
10443720000759353,2018-08-17 12:00:00,2018-08-17 13:00:00,3.133,
10443720000759353,2018-08-17 13:00:00,2018-08-17 14:00:00,3.683,
10443720000759353,2018-08-17 14:00:00,2018-08-17 15:00:00,2.546,
10443720000759353,2018-08-17 15:00:00,2018-08-17 16:00:00,2.91,
10443720000759353,2018-08-17 16:00:00,2018-08-17 17:00:00,2.739,
10443720000759353,2018-08-17 17:00:00,2018-08-17 18:00:00,2.709,
10443720000759353,2018-08-17 18:00:00,2018-08-17 19:00:00,3.901,
10443720000759353,2018-08-17 19:00:00,2018-08-17 20:00:00,3.164,
10443720000759353,2018-08-17 20:00:00,2018-08-17 21:00:00,2.69,
10443720000759353,2018-08-17 21:00:00,2018-08-17 22:00:00,2.784,
10443720000759353,2018-08-17 22:00:00,2018-08-17 23:00:00,3.349,
10443720000759353,2018-08-17 23:00:00,2018-08-18 00:00:00,3.472,
10443720000759353,2018-08-18 00:00:00,2018-08-18 01:00:00,3.538,
10443720000759353,2018-08-18 01:00:00,2018-08-18 02:00:00,3.074,
10443720000759353,2018-08-18 02:00:00,2018-08-18 03:00:00,3.011,
10443720000759353,2018-08-18 03:00:00,2018-08-18 04:00:00,2.98,
10443720000759353,2018-08-18 04:00:00,2018-08-18 05:00:00,2.967,
10443720000759353,2018-08-18 05:00:00,2018-08-18 06:00:00,2.818,
10443720000759353,2018-08-18 06:00:00,2018-08-18 07:00:00,2.318,
10443720000759353,2018-08-18 07:00:00,2018-08-18 08:00:00,2.962,
10443720000759353,2018-08-18 08:00:00,2018-08-18 09:00:00,2.127,
10443720000759353,2018-08-18 09:00:00,2018-08-18 10:00:00,3.702,
10443720000759353,2018-08-18 10:00:00,2018-08-18 11:00:00,2.249,
10443720000759353,2018-08-18 11:00:00,2018-08-18 12:00:00,3.086,
10443720000759353,2018-08-18 12:00:00,2018-08-18 13:00:00,3.289,
10443720000759353,2018-08-18 13:00:00,2018-08-18 14:00:00,3.083,
10443720000759353,2018-08-18 14:00:00,2018-08-18 15:00:00,3.391,
10443720000759353,2018-08-18 15:00:00,2018-08-18 16:00:00,2.912,
10443720000759353,2018-08-18 16:00:00,2018-08-18 17:00:00,2.884,
10443720000759353,2018-08-18 17:00:00,2018-08-18 18:00:00,4.152,
10443720000759353,2018-08-18 18:00:00,2018-08-18 19:00:00,3.364,
10443720000759353,2018-08-18 19:00:00,2018-08-18 20:00:00,3.356,
10443720000759353,2018-08-18 20:00:00,2018-08-18 21:00:00,3.336,
10443720000759353,2018-08-18 21:00:00,2018-08-18 22:00:00,3.192,
10443720000759353,2018-08-18 22:00:00,2018-08-18 23:00:00,3.042,
10443720000759353,2018-08-18 23:00:00,2018-08-19 00:00:00,2.413,
10443720000759353,2018-08-19 00:00:00,2018-08-19 01:00:00,2.718,
10443720000759353,2018-08-19 01:00:00,2018-08-19 02:00:00,2.771,
10443720000759353,2018-08-19 02:00:00,2018-08-19 03:00:00,3.408,
10443720000759353,2018-08-19 03:00:00,2018-08-19 04:00:00,3.01,
10443720000759353,2018-08-19 04:00:00,2018-08-19 05:00:00,2.279,
10443720000759353,2018-08-19 05:00:00,2018-08-19 06:00:00,2.634,
10443720000759353,2018-08-19 06:00:00,2018-08-19 07:00:00,2.317,
10443720000759353,2018-08-19 07:00:00,2018-08-19 08:00:00,2.015,
10443720000759353,2018-08-19 08:00:00,2018-08-19 09:00:00,3.053,
10443720000759353,2018-08-19 09:00:00,2018-08-19 10:00:00,3.054,
10443720000759353,2018-08-19 10:00:00,2018-08-19 11:00:00,2.839,
10443720000759353,2018-08-19 11:00:00,2018-08-19 12:00:00,3.085,
10443720000759353,2018-08-19 12:00:00,2018-08-19 13:00:00,3.062,
10443720000759353,2018-08-19 13:00:00,2018-08-19 14:00:00,2.497,
10443720000759353,2018-08-19 14:00:00,2018-08-19 15:00:00,2.7,
10443720000759353,2018-08-19 15:00:00,2018-08-19 16:00:00,2.759,
10443720000759353,2018-08-19 16:00:00,2018-08-19 17:00:00,2.911,
10443720000759353,2018-08-19 17:00:00,2018-08-19 18:00:00,4.109,
10443720000759353,2018-08-19 18:00:00,2018-08-19 19:00:00,4.093,
10443720000759353,2018-08-19 19:00:00,2018-08-19 20:00:00,6.331,
10443720000759353,2018-08-19 20:00:00,2018-08-19 21:00:00,3.602,
10443720000759353,2018-08-19 21:00:00,2018-08-19 22:00:00,2.882,
10443720000759353,2018-08-19 22:00:00,2018-08-19 23:00:00,4.565,
10443720000759353,2018-08-19 23:00:00,2018-08-20 00:00:00,4.261,
10443720000759353,2018-08-20 00:00:00,2018-08-20 01:00:00,2.506,
10443720000759353,2018-08-20 01:00:00,2018-08-20 02:00:00,2.494,
10443720000759353,2018-08-20 02:00:00,2018-08-20 03:00:00,2.852,
10443720000759353,2018-08-20 03:00:00,2018-08-20 04:00:00,2.537,
10443720000759353,2018-08-20 04:00:00,2018-08-20 05:00:00,1.592,
10443720000759353,2018-08-20 05:00:00,2018-08-20 06:00:00,1.797,
10443720000759353,2018-08-20 06:00:00,2018-08-20 07:00:00,2.187,
10443720000759353,2018-08-20 07:00:00,2018-08-20 08:00:00,1.038,
10443720000759353,2018-08-20 08:00:00,2018-08-20 09:00:00,2.712,
10443720000759353,2018-08-20 09:00:00,2018-08-20 10:00:00,4.352,
10443720000759353,2018-08-20 10:00:00,2018-08-20 11:00:00,3.868,
10443720000759353,2018-08-20 11:00:00,2018-08-20 12:00:00,2.57,
10443720000759353,2018-08-20 12:00:00,2018-08-20 13:00:00,3.426,
10443720000759353,2018-08-20 13:00:00,2018-08-20 14:00:00,3.835,
10443720000759353,2018-08-20 14:00:00,2018-08-20 15:00:00,3.268,
10443720000759353,2018-08-20 15:00:00,2018-08-20 16:00:00,2.539,
10443720000759353,2018-08-20 16:00:00,2018-08-20 17:00:00,2.51,
10443720000759353,2018-08-20 17:00:00,2018-08-20 18:00:00,2.739,
10443720000759353,2018-08-20 18:00:00,2018-08-20 19:00:00,2.546,
10443720000759353,2018-08-20 19:00:00,2018-08-20 20:00:00,2.913,
10443720000759353,2018-08-20 20:00:00,2018-08-20 21:00:00,4.78,
10443720000759353,2018-08-20 21:00:00,2018-08-20 22:00:00,3.022,
10443720000759353,2018-08-20 22:00:00,2018-08-20 23:00:00,2.554,
10443720000759353,2018-08-20 23:00:00,2018-08-21 00:00:00,2.759,
10443720000759353,2018-08-21 00:00:00,2018-08-21 01:00:00,2.305,
10443720000759353,2018-08-21 01:00:00,2018-08-21 02:00:00,1.842,
10443720000759353,2018-08-21 02:00:00,2018-08-21 03:00:00,1.214,
10443720000759353,2018-08-21 03:00:00,2018-08-21 04:00:00,1.705,
10443720000759353,2018-08-21 04:00:00,2018-08-21 05:00:00,1.163,
10443720000759353,2018-08-21 05:00:00,2018-08-21 06:00:00,0.938,
10443720000759353,2018-08-21 06:00:00,2018-08-21 07:00:00,1.512,
10443720000759353,2018-08-21 07:00:00,2018-08-21 08:00:00,1.052,
10443720000759353,2018-08-21 08:00:00,2018-08-21 09:00:00,1.283,
10443720000759353,2018-08-21 09:00:00,2018-08-21 10:00:00,1.581,
10443720000759353,2018-08-21 10:00:00,2018-08-21 11:00:00,3.744,
10443720000759353,2018-08-21 11:00:00,2018-08-21 12:00:00,3.029,
10443720000759353,2018-08-21 12:00:00,2018-08-21 13:00:00,2.483,
10443720000759353,2018-08-21 13:00:00,2018-08-21 14:00:00,2.759,
10443720000759353,2018-08-21 14:00:00,2018-08-21 15:00:00,2.755,
10443720000759353,2018-08-21 15:00:00,2018-08-21 16:00:00,2.557,
10443720000759353,2018-08-21 16:00:00,2018-08-21 17:00:00,2.599,
10443720000759353,2018-08-21 17:00:00,2018-08-21 18:00:00,3.396,
10443720000759353,2018-08-21 18:00:00,2018-08-21 19:00:00,4.062,
10443720000759353,2018-08-21 19:00:00,2018-08-21 20:00:00,3.416,
10443720000759353,2018-08-21 20:00:00,2018-08-21 21:00:00,3.762,
10443720000759353,2018-08-21 21:00:00,2018-08-21 22:00:00,2.48,
10443720000759353,2018-08-21 22:00:00,2018-08-21 23:00:00,2.874,
10443720000759353,2018-08-21 23:00:00,2018-08-22 00:00:00,2.492,
10443720000759353,2018-08-22 00:00:00,2018-08-22 01:00:00,2.444,
10443720000759353,2018-08-22 01:00:00,2018-08-22 02:00:00,1.496,
10443720000759353,2018-08-22 02:00:00,2018-08-22 03:00:00,1.443,
10443720000759353,2018-08-22 03:00:00,2018-08-22 04:00:00,1.692,
10443720000759353,2018-08-22 04:00:00,2018-08-22 05:00:00,1.085,
10443720000759353,2018-08-22 05:00:00,2018-08-22 06:00:00,1.943,
10443720000759353,2018-08-22 06:00:00,2018-08-22 07:00:00,1.087,
10443720000759353,2018-08-22 07:00:00,2018-08-22 08:00:00,1.666,
10443720000759353,2018-08-22 08:00:00,2018-08-22 09:00:00,1.477,
10443720000759353,2018-08-22 09:00:00,2018-08-22 10:00:00,2.698,
10443720000759353,2018-08-22 10:00:00,2018-08-22 11:00:00,2.054,
10443720000759353,2018-08-22 11:00:00,2018-08-22 12:00:00,2.183,
10443720000759353,2018-08-22 12:00:00,2018-08-22 13:00:00,3.229,
10443720000759353,2018-08-22 13:00:00,2018-08-22 14:00:00,2.598,
10443720000759353,2018-08-22 14:00:00,2018-08-22 15:00:00,3.962,
10443720000759353,2018-08-22 15:00:00,2018-08-22 16:00:00,3.983,
10443720000759353,2018-08-22 16:00:00,2018-08-22 17:00:00,3.529,
10443720000759353,2018-08-22 17:00:00,2018-08-22 18:00:00,3.042,
10443720000759353,2018-08-22 18:00:00,2018-08-22 19:00:00,2.778,
10443720000759353,2018-08-22 19:00:00,2018-08-22 20:00:00,4.645,
10443720000759353,2018-08-22 20:00:00,2018-08-22 21:00:00,3.986,
10443720000759353,2018-08-22 21:00:00,2018-08-22 22:00:00,3.692,
10443720000759353,2018-08-22 22:00:00,2018-08-22 23:00:00,4.135,
10443720000759353,2018-08-22 23:00:00,2018-08-23 00:00:00,2.531,
10443720000759353,2018-08-23 00:00:00,2018-08-23 01:00:00,2.51,
10443720000759353,2018-08-23 01:00:00,2018-08-23 02:00:00,2.767,
10443720000759353,2018-08-23 02:00:00,2018-08-23 03:00:00,1.517,
10443720000759353,2018-08-23 03:00:00,2018-08-23 04:00:00,1.793,
10443720000759353,2018-08-23 04:00:00,2018-08-23 05:00:00,1.481,
10443720000759353,2018-08-23 05:00:00,2018-08-23 06:00:00,1.476,
10443720000759353,2018-08-23 06:00:00,2018-08-23 07:00:00,1.069,
10443720000759353,2018-08-23 07:00:00,2018-08-23 08:00:00,2.64,
10443720000759353,2018-08-23 08:00:00,2018-08-23 09:00:00,0.812,
10443720000759353,2018-08-23 09:00:00,2018-08-23 10:00:00,3.415,
10443720000759353,2018-08-23 10:00:00,2018-08-23 11:00:00,1.039,
10443720000759353,2018-08-23 11:00:00,2018-08-23 12:00:00,3.797,
10443720000759353,2018-08-23 12:00:00,2018-08-23 13:00:00,2.932,
10443720000759353,2018-08-23 13:00:00,2018-08-23 14:00:00,3.034,
10443720000759353,2018-08-23 14:00:00,2018-08-23 15:00:00,3.799,
10443720000759353,2018-08-23 15:00:00,2018-08-23 16:00:00,2.851,
10443720000759353,2018-08-23 16:00:00,2018-08-23 17:00:00,3.91,
10443720000759353,2018-08-23 17:00:00,2018-08-23 18:00:00,3.619,
10443720000759353,2018-08-23 18:00:00,2018-08-23 19:00:00,2.906,
10443720000759353,2018-08-23 19:00:00,2018-08-23 20:00:00,2.981,
10443720000759353,2018-08-23 20:00:00,2018-08-23 21:00:00,2.768,
10443720000759353,2018-08-23 21:00:00,2018-08-23 22:00:00,3.609,
10443720000759353,2018-08-23 22:00:00,2018-08-23 23:00:00,2.828,
10443720000759353,2018-08-23 23:00:00,2018-08-24 00:00:00,3.07,
10443720000759353,2018-08-24 00:00:00,2018-08-24 01:00:00,2.888,
10443720000759353,2018-08-24 01:00:00,2018-08-24 02:00:00,2.837,
10443720000759353,2018-08-24 02:00:00,2018-08-24 03:00:00,3.169,
10443720000759353,2018-08-24 03:00:00,2018-08-24 04:00:00,2.851,
10443720000759353,2018-08-24 04:00:00,2018-08-24 05:00:00,2.322,
10443720000759353,2018-08-24 05:00:00,2018-08-24 06:00:00,2.349,
10443720000759353,2018-08-24 06:00:00,2018-08-24 07:00:00,2.323,
10443720000759353,2018-08-24 07:00:00,2018-08-24 08:00:00,2.707,
10443720000759353,2018-08-24 08:00:00,2018-08-24 09:00:00,2.551,
10443720000759353,2018-08-24 09:00:00,2018-08-24 10:00:00,3.548,
10443720000759353,2018-08-24 10:00:00,2018-08-24 11:00:00,4.095,
10443720000759353,2018-08-24 11:00:00,2018-08-24 12:00:00,3.133,
10443720000759353,2018-08-24 12:00:00,2018-08-24 13:00:00,4.003,
10443720000759353,2018-08-24 13:00:00,2018-08-24 14:00:00,3.347,
10443720000759353,2018-08-24 14:00:00,2018-08-24 15:00:00,2.712,
10443720000759353,2018-08-24 15:00:00,2018-08-24 16:00:00,3.126,
10443720000759353,2018-08-24 16:00:00,2018-08-24 17:00:00,2.994,
10443720000759353,2018-08-24 17:00:00,2018-08-24 18:00:00,2.756,
10443720000759353,2018-08-24 18:00:00,2018-08-24 19:00:00,2.652,
10443720000759353,2018-08-24 19:00:00,2018-08-24 20:00:00,3.26,
10443720000759353,2018-08-24 20:00:00,2018-08-24 21:00:00,4.659,
10443720000759353,2018-08-24 21:00:00,2018-08-24 22:00:00,3.856,
10443720000759353,2018-08-24 22:00:00,2018-08-24 23:00:00,3.149,
10443720000759353,2018-08-24 23:00:00,2018-08-25 00:00:00,3.048,
10443720000759353,2018-08-25 00:00:00,2018-08-25 01:00:00,2.82,
10443720000759353,2018-08-25 01:00:00,2018-08-25 02:00:00,2.612,
10443720000759353,2018-08-25 02:00:00,2018-08-25 03:00:00,2.659,
10443720000759353,2018-08-25 03:00:00,2018-08-25 04:00:00,2.559,
10443720000759353,2018-08-25 04:00:00,2018-08-25 05:00:00,2.62,
10443720000759353,2018-08-25 05:00:00,2018-08-25 06:00:00,2.798,
10443720000759353,2018-08-25 06:00:00,2018-08-25 07:00:00,2.201,
10443720000759353,2018-08-25 07:00:00,2018-08-25 08:00:00,2.57,
10443720000759353,2018-08-25 08:00:00,2018-08-25 09:00:00,2.449,
10443720000759353,2018-08-25 09:00:00,2018-08-25 10:00:00,2.155,
10443720000759353,2018-08-25 10:00:00,2018-08-25 11:00:00,1.545,
10443720000759353,2018-08-25 11:00:00,2018-08-25 12:00:00,2.659,
10443720000759353,2018-08-25 12:00:00,2018-08-25 13:00:00,4.512,
10443720000759353,2018-08-25 13:00:00,2018-08-25 14:00:00,4.908,
10443720000759353,2018-08-25 14:00:00,2018-08-25 15:00:00,4.073,
10443720000759353,2018-08-25 15:00:00,2018-08-25 16:00:00,3.489,
10443720000759353,2018-08-25 16:00:00,2018-08-25 17:00:00,2.767,
10443720000759353,2018-08-25 17:00:00,2018-08-25 18:00:00,3.944,
10443720000759353,2018-08-25 18:00:00,2018-08-25 19:00:00,3.855,
10443720000759353,2018-08-25 19:00:00,2018-08-25 20:00:00,3.9,
10443720000759353,2018-08-25 20:00:00,2018-08-25 21:00:00,3.537,
10443720000759353,2018-08-25 21:00:00,2018-08-25 22:00:00,3.766,
10443720000759353,2018-08-25 22:00:00,2018-08-25 23:00:00,3.149,
10443720000759353,2018-08-25 23:00:00,2018-08-26 00:00:00,3.256,
10443720000759353,2018-08-26 00:00:00,2018-08-26 01:00:00,3.168,
10443720000759353,2018-08-26 01:00:00,2018-08-26 02:00:00,2.579,
10443720000759353,2018-08-26 02:00:00,2018-08-26 03:00:00,2.646,
10443720000759353,2018-08-26 03:00:00,2018-08-26 04:00:00,2.593,
10443720000759353,2018-08-26 04:00:00,2018-08-26 05:00:00,2.559,
10443720000759353,2018-08-26 05:00:00,2018-08-26 06:00:00,2.606,
10443720000759353,2018-08-26 06:00:00,2018-08-26 07:00:00,2.139,
10443720000759353,2018-08-26 07:00:00,2018-08-26 08:00:00,1.805,
10443720000759353,2018-08-26 08:00:00,2018-08-26 09:00:00,1.725,
10443720000759353,2018-08-26 09:00:00,2018-08-26 10:00:00,2.874,
10443720000759353,2018-08-26 10:00:00,2018-08-26 11:00:00,2.613,
10443720000759353,2018-08-26 11:00:00,2018-08-26 12:00:00,3.087,
10443720000759353,2018-08-26 12:00:00,2018-08-26 13:00:00,2.039,
10443720000759353,2018-08-26 13:00:00,2018-08-26 14:00:00,3.156,
10443720000759353,2018-08-26 14:00:00,2018-08-26 15:00:00,2.411,
10443720000759353,2018-08-26 15:00:00,2018-08-26 16:00:00,4.528,
10443720000759353,2018-08-26 16:00:00,2018-08-26 17:00:00,3.707,
10443720000759353,2018-08-26 17:00:00,2018-08-26 18:00:00,3.761,
10443720000759353,2018-08-26 18:00:00,2018-08-26 19:00:00,2.743,
10443720000759353,2018-08-26 19:00:00,2018-08-26 20:00:00,3.585,
10443720000759353,2018-08-26 20:00:00,2018-08-26 21:00:00,3.471,
10443720000759353,2018-08-26 21:00:00,2018-08-26 22:00:00,4.356,
10443720000759353,2018-08-26 22:00:00,2018-08-26 23:00:00,4.398,
10443720000759353,2018-08-26 23:00:00,2018-08-27 00:00:00,3.742,
10443720000759353,2018-08-27 00:00:00,2018-08-27 01:00:00,2.694,
10443720000759353,2018-08-27 01:00:00,2018-08-27 02:00:00,2.619,
10443720000759353,2018-08-27 02:00:00,2018-08-27 03:00:00,2.536,
10443720000759353,2018-08-27 03:00:00,2018-08-27 04:00:00,2.55,
10443720000759353,2018-08-27 04:00:00,2018-08-27 05:00:00,2.65,
10443720000759353,2018-08-27 05:00:00,2018-08-27 06:00:00,2.788,
10443720000759353,2018-08-27 06:00:00,2018-08-27 07:00:00,2.483,
10443720000759353,2018-08-27 07:00:00,2018-08-27 08:00:00,1.674,
10443720000759353,2018-08-27 08:00:00,2018-08-27 09:00:00,2.129,
10443720000759353,2018-08-27 09:00:00,2018-08-27 10:00:00,4.099,
10443720000759353,2018-08-27 10:00:00,2018-08-27 11:00:00,3.42,
10443720000759353,2018-08-27 11:00:00,2018-08-27 12:00:00,2.774,
10443720000759353,2018-08-27 12:00:00,2018-08-27 13:00:00,4.684,
10443720000759353,2018-08-27 13:00:00,2018-08-27 14:00:00,3.494,
10443720000759353,2018-08-27 14:00:00,2018-08-27 15:00:00,3.285,
10443720000759353,2018-08-27 15:00:00,2018-08-27 16:00:00,3.814,
10443720000759353,2018-08-27 16:00:00,2018-08-27 17:00:00,3.616,
10443720000759353,2018-08-27 17:00:00,2018-08-27 18:00:00,2.849,
10443720000759353,2018-08-27 18:00:00,2018-08-27 19:00:00,3.047,
10443720000759353,2018-08-27 19:00:00,2018-08-27 20:00:00,2.798,
10443720000759353,2018-08-27 20:00:00,2018-08-27 21:00:00,2.987,
10443720000759353,2018-08-27 21:00:00,2018-08-27 22:00:00,3.049,
10443720000759353,2018-08-27 22:00:00,2018-08-27 23:00:00,3.656,
10443720000759353,2018-08-27 23:00:00,2018-08-28 00:00:00,3.561,
10443720000759353,2018-08-28 00:00:00,2018-08-28 01:00:00,2.934,
10443720000759353,2018-08-28 01:00:00,2018-08-28 02:00:00,2.972,
10443720000759353,2018-08-28 02:00:00,2018-08-28 03:00:00,2.865,
10443720000759353,2018-08-28 03:00:00,2018-08-28 04:00:00,2.555,
10443720000759353,2018-08-28 04:00:00,2018-08-28 05:00:00,2.584,
10443720000759353,2018-08-28 05:00:00,2018-08-28 06:00:00,2.552,
10443720000759353,2018-08-28 06:00:00,2018-08-28 07:00:00,2.836,
10443720000759353,2018-08-28 07:00:00,2018-08-28 08:00:00,2.062,
10443720000759353,2018-08-28 08:00:00,2018-08-28 09:00:00,2.083,
10443720000759353,2018-08-28 09:00:00,2018-08-28 10:00:00,2.387,
10443720000759353,2018-08-28 10:00:00,2018-08-28 11:00:00,4.509,
10443720000759353,2018-08-28 11:00:00,2018-08-28 12:00:00,3.947,
10443720000759353,2018-08-28 12:00:00,2018-08-28 13:00:00,2.653,
10443720000759353,2018-08-28 13:00:00,2018-08-28 14:00:00,2.688,
10443720000759353,2018-08-28 14:00:00,2018-08-28 15:00:00,3.315,
10443720000759353,2018-08-28 15:00:00,2018-08-28 16:00:00,2.744,
10443720000759353,2018-08-28 16:00:00,2018-08-28 17:00:00,2.748,
10443720000759353,2018-08-28 17:00:00,2018-08-28 18:00:00,2.848,
10443720000759353,2018-08-28 18:00:00,2018-08-28 19:00:00,2.812,
10443720000759353,2018-08-28 19:00:00,2018-08-28 20:00:00,2.846,
10443720000759353,2018-08-28 20:00:00,2018-08-28 21:00:00,3.591,
10443720000759353,2018-08-28 21:00:00,2018-08-28 22:00:00,3.461,
10443720000759353,2018-08-28 22:00:00,2018-08-28 23:00:00,3.691,
10443720000759353,2018-08-28 23:00:00,2018-08-29 00:00:00,2.873,
10443720000759353,2018-08-29 00:00:00,2018-08-29 01:00:00,2.686,
10443720000759353,2018-08-29 01:00:00,2018-08-29 02:00:00,2.487,
10443720000759353,2018-08-29 02:00:00,2018-08-29 03:00:00,2.459,
10443720000759353,2018-08-29 03:00:00,2018-08-29 04:00:00,2.377,
10443720000759353,2018-08-29 04:00:00,2018-08-29 05:00:00,2.461,
10443720000759353,2018-08-29 05:00:00,2018-08-29 06:00:00,2.433,
10443720000759353,2018-08-29 06:00:00,2018-08-29 07:00:00,1.716,
10443720000759353,2018-08-29 07:00:00,2018-08-29 08:00:00,2.677,
10443720000759353,2018-08-29 08:00:00,2018-08-29 09:00:00,2.097,
10443720000759353,2018-08-29 09:00:00,2018-08-29 10:00:00,1.763,
10443720000759353,2018-08-29 10:00:00,2018-08-29 11:00:00,4.379,
10443720000759353,2018-08-29 11:00:00,2018-08-29 12:00:00,2.502,
10443720000759353,2018-08-29 12:00:00,2018-08-29 13:00:00,2.881,
10443720000759353,2018-08-29 13:00:00,2018-08-29 14:00:00,3.056,
10443720000759353,2018-08-29 14:00:00,2018-08-29 15:00:00,2.86,
10443720000759353,2018-08-29 15:00:00,2018-08-29 16:00:00,2.86,
10443720000759353,2018-08-29 16:00:00,2018-08-29 17:00:00,2.919,
10443720000759353,2018-08-29 17:00:00,2018-08-29 18:00:00,3.482,
10443720000759353,2018-08-29 18:00:00,2018-08-29 19:00:00,4.57,
10443720000759353,2018-08-29 19:00:00,2018-08-29 20:00:00,4.289,
10443720000759353,2018-08-29 20:00:00,2018-08-29 21:00:00,2.822,
10443720000759353,2018-08-29 21:00:00,2018-08-29 22:00:00,3.663,
10443720000759353,2018-08-29 22:00:00,2018-08-29 23:00:00,2.753,
10443720000759353,2018-08-29 23:00:00,2018-08-30 00:00:00,2.484,
10443720000759353,2018-08-30 00:00:00,2018-08-30 01:00:00,2.357,
10443720000759353,2018-08-30 01:00:00,2018-08-30 02:00:00,2.674,
10443720000759353,2018-08-30 02:00:00,2018-08-30 03:00:00,2.458,
10443720000759353,2018-08-30 03:00:00,2018-08-30 04:00:00,2.493,
10443720000759353,2018-08-30 04:00:00,2018-08-30 05:00:00,2.42,
10443720000759353,2018-08-30 05:00:00,2018-08-30 06:00:00,2.369,
10443720000759353,2018-08-30 06:00:00,2018-08-30 07:00:00,1.892,
10443720000759353,2018-08-30 07:00:00,2018-08-30 08:00:00,1.863,
10443720000759353,2018-08-30 08:00:00,2018-08-30 09:00:00,2.534,
10443720000759353,2018-08-30 09:00:00,2018-08-30 10:00:00,1.727,
10443720000759353,2018-08-30 10:00:00,2018-08-30 11:00:00,3.414,
10443720000759353,2018-08-30 11:00:00,2018-08-30 12:00:00,3.412,
10443720000759353,2018-08-30 12:00:00,2018-08-30 13:00:00,2.518,
10443720000759353,2018-08-30 13:00:00,2018-08-30 14:00:00,2.67,
10443720000759353,2018-08-30 14:00:00,2018-08-30 15:00:00,2.701,
10443720000759353,2018-08-30 15:00:00,2018-08-30 16:00:00,3.014,
10443720000759353,2018-08-30 16:00:00,2018-08-30 17:00:00,4.014,
10443720000759353,2018-08-30 17:00:00,2018-08-30 18:00:00,2.722,
10443720000759353,2018-08-30 18:00:00,2018-08-30 19:00:00,3.459,
10443720000759353,2018-08-30 19:00:00,2018-08-30 20:00:00,2.745,
10443720000759353,2018-08-30 20:00:00,2018-08-30 21:00:00,2.633,
10443720000759353,2018-08-30 21:00:00,2018-08-30 22:00:00,2.542,
10443720000759353,2018-08-30 22:00:00,2018-08-30 23:00:00,2.922,
10443720000759353,2018-08-30 23:00:00,2018-08-31 00:00:00,2.933,
10443720000759353,2018-08-31 00:00:00,2018-08-31 01:00:00,2.753,
10443720000759353,2018-08-31 01:00:00,2018-08-31 02:00:00,2.679,
10443720000759353,2018-08-31 02:00:00,2018-08-31 03:00:00,2.702,
10443720000759353,2018-08-31 03:00:00,2018-08-31 04:00:00,3.019,
10443720000759353,2018-08-31 04:00:00,2018-08-31 05:00:00,2.51,
10443720000759353,2018-08-31 05:00:00,2018-08-31 06:00:00,2.09,
10443720000759353,2018-08-31 06:00:00,2018-08-31 07:00:00,1.82,
10443720000759353,2018-08-31 07:00:00,2018-08-31 08:00:00,2.14,
10443720000759353,2018-08-31 08:00:00,2018-08-31 09:00:00,1.95,
10443720000759353,2018-08-31 09:00:00,2018-08-31 10:00:00,2.588,
10443720000759353,2018-08-31 10:00:00,2018-08-31 11:00:00,3.811,
10443720000759353,2018-08-31 11:00:00,2018-08-31 12:00:00,2.443,
10443720000759353,2018-08-31 12:00:00,2018-08-31 13:00:00,2.756,
10443720000759353,2018-08-31 13:00:00,2018-08-31 14:00:00,3.222,
10443720000759353,2018-08-31 14:00:00,2018-08-31 15:00:00,3.339,
10443720000759353,2018-08-31 15:00:00,2018-08-31 16:00:00,2.862,
10443720000759353,2018-08-31 16:00:00,2018-08-31 17:00:00,3.065,
10443720000759353,2018-08-31 17:00:00,2018-08-31 18:00:00,3.475,
10443720000759353,2018-08-31 18:00:00,2018-08-31 19:00:00,4.108,
10443720000759353,2018-08-31 19:00:00,2018-08-31 20:00:00,3.399,
10443720000759353,2018-08-31 20:00:00,2018-08-31 21:00:00,3.234,
10443720000759353,2018-08-31 21:00:00,2018-08-31 22:00:00,2.858,
10443720000759353,2018-08-31 22:00:00,2018-08-31 23:00:00,3.344,
10443720000759353,2018-08-31 23:00:00,2018-09-01 00:00:00,2.846,
10443720000759353,2018-09-01 00:00:00,2018-09-01 01:00:00,2.744,
10443720000759353,2018-09-01 01:00:00,2018-09-01 02:00:00,2.546,
10443720000759353,2018-09-01 02:00:00,2018-09-01 03:00:00,2.449,
10443720000759353,2018-09-01 03:00:00,2018-09-01 04:00:00,2.471,
10443720000759353,2018-09-01 04:00:00,2018-09-01 05:00:00,2.499,
10443720000759353,2018-09-01 05:00:00,2018-09-01 06:00:00,1.953,
10443720000759353,2018-09-01 06:00:00,2018-09-01 07:00:00,1.867,
10443720000759353,2018-09-01 07:00:00,2018-09-01 08:00:00,1.984,
10443720000759353,2018-09-01 08:00:00,2018-09-01 09:00:00,3.248,
10443720000759353,2018-09-01 09:00:00,2018-09-01 10:00:00,4.385,
10443720000759353,2018-09-01 10:00:00,2018-09-01 11:00:00,2.985,
10443720000759353,2018-09-01 11:00:00,2018-09-01 12:00:00,2.966,
10443720000759353,2018-09-01 12:00:00,2018-09-01 13:00:00,2.512,
10443720000759353,2018-09-01 13:00:00,2018-09-01 14:00:00,3.211,
10443720000759353,2018-09-01 14:00:00,2018-09-01 15:00:00,3.107,
10443720000759353,2018-09-01 15:00:00,2018-09-01 16:00:00,2.893,
10443720000759353,2018-09-01 16:00:00,2018-09-01 17:00:00,2.741,
10443720000759353,2018-09-01 17:00:00,2018-09-01 18:00:00,2.643,
10443720000759353,2018-09-01 18:00:00,2018-09-01 19:00:00,3.159,
10443720000759353,2018-09-01 19:00:00,2018-09-01 20:00:00,2.873,
10443720000759353,2018-09-01 20:00:00,2018-09-01 21:00:00,3.195,
10443720000759353,2018-09-01 21:00:00,2018-09-01 22:00:00,3.447,
10443720000759353,2018-09-01 22:00:00,2018-09-01 23:00:00,2.787,
10443720000759353,2018-09-01 23:00:00,2018-09-02 00:00:00,2.744,
10443720000759353,2018-09-02 00:00:00,2018-09-02 01:00:00,2.368,
10443720000759353,2018-09-02 01:00:00,2018-09-02 02:00:00,2.394,
10443720000759353,2018-09-02 02:00:00,2018-09-02 03:00:00,2.425,
10443720000759353,2018-09-02 03:00:00,2018-09-02 04:00:00,2.069,
10443720000759353,2018-09-02 04:00:00,2018-09-02 05:00:00,2.113,
10443720000759353,2018-09-02 05:00:00,2018-09-02 06:00:00,1.424,
10443720000759353,2018-09-02 06:00:00,2018-09-02 07:00:00,2.124,
10443720000759353,2018-09-02 07:00:00,2018-09-02 08:00:00,1.191,
10443720000759353,2018-09-02 08:00:00,2018-09-02 09:00:00,0.974,
10443720000759353,2018-09-02 09:00:00,2018-09-02 10:00:00,2.753,
10443720000759353,2018-09-02 10:00:00,2018-09-02 11:00:00,2.404,
10443720000759353,2018-09-02 11:00:00,2018-09-02 12:00:00,2.978,
10443720000759353,2018-09-02 12:00:00,2018-09-02 13:00:00,3.567,
10443720000759353,2018-09-02 13:00:00,2018-09-02 14:00:00,2.609,
10443720000759353,2018-09-02 14:00:00,2018-09-02 15:00:00,3.304,
10443720000759353,2018-09-02 15:00:00,2018-09-02 16:00:00,4.498,
10443720000759353,2018-09-02 16:00:00,2018-09-02 17:00:00,4.249,
10443720000759353,2018-09-02 17:00:00,2018-09-02 18:00:00,3.653,
10443720000759353,2018-09-02 18:00:00,2018-09-02 19:00:00,3.945,
10443720000759353,2018-09-02 19:00:00,2018-09-02 20:00:00,3.599,
10443720000759353,2018-09-02 20:00:00,2018-09-02 21:00:00,4.915,
10443720000759353,2018-09-02 21:00:00,2018-09-02 22:00:00,2.767,
10443720000759353,2018-09-02 22:00:00,2018-09-02 23:00:00,2.572,
10443720000759353,2018-09-02 23:00:00,2018-09-03 00:00:00,2.506,
10443720000759353,2018-09-03 00:00:00,2018-09-03 01:00:00,3.124,
10443720000759353,2018-09-03 01:00:00,2018-09-03 02:00:00,2.634,
10443720000759353,2018-09-03 02:00:00,2018-09-03 03:00:00,2.423,
10443720000759353,2018-09-03 03:00:00,2018-09-03 04:00:00,2.458,
10443720000759353,2018-09-03 04:00:00,2018-09-03 05:00:00,2.361,
10443720000759353,2018-09-03 05:00:00,2018-09-03 06:00:00,2.367,
10443720000759353,2018-09-03 06:00:00,2018-09-03 07:00:00,1.912,
10443720000759353,2018-09-03 07:00:00,2018-09-03 08:00:00,2.331,
10443720000759353,2018-09-03 08:00:00,2018-09-03 09:00:00,3.115,
10443720000759353,2018-09-03 09:00:00,2018-09-03 10:00:00,2.153,
10443720000759353,2018-09-03 10:00:00,2018-09-03 11:00:00,1.064,
10443720000759353,2018-09-03 11:00:00,2018-09-03 12:00:00,2.846,
10443720000759353,2018-09-03 12:00:00,2018-09-03 13:00:00,2.713,
10443720000759353,2018-09-03 13:00:00,2018-09-03 14:00:00,1.353,
10443720000759353,2018-09-03 14:00:00,2018-09-03 15:00:00,1.595,
10443720000759353,2018-09-03 15:00:00,2018-09-03 16:00:00,1.579,
10443720000759353,2018-09-03 16:00:00,2018-09-03 17:00:00,3.197,
10443720000759353,2018-09-03 17:00:00,2018-09-03 18:00:00,2.763,
10443720000759353,2018-09-03 18:00:00,2018-09-03 19:00:00,3.45,
10443720000759353,2018-09-03 19:00:00,2018-09-03 20:00:00,3.14,
10443720000759353,2018-09-03 20:00:00,2018-09-03 21:00:00,3.238,
10443720000759353,2018-09-03 21:00:00,2018-09-03 22:00:00,2.503,
10443720000759353,2018-09-03 22:00:00,2018-09-03 23:00:00,3.372,
10443720000759353,2018-09-03 23:00:00,2018-09-04 00:00:00,1.936,
10443720000759353,2018-09-04 00:00:00,2018-09-04 01:00:00,1.749,
10443720000759353,2018-09-04 01:00:00,2018-09-04 02:00:00,1.204,
10443720000759353,2018-09-04 02:00:00,2018-09-04 03:00:00,2.113,
10443720000759353,2018-09-04 03:00:00,2018-09-04 04:00:00,0.97,
10443720000759353,2018-09-04 04:00:00,2018-09-04 05:00:00,1.127,
10443720000759353,2018-09-04 05:00:00,2018-09-04 06:00:00,1.472,
10443720000759353,2018-09-04 06:00:00,2018-09-04 07:00:00,1.475,
10443720000759353,2018-09-04 07:00:00,2018-09-04 08:00:00,1.254,
10443720000759353,2018-09-04 08:00:00,2018-09-04 09:00:00,1.054,
10443720000759353,2018-09-04 09:00:00,2018-09-04 10:00:00,1.805,
10443720000759353,2018-09-04 10:00:00,2018-09-04 11:00:00,4.56,
10443720000759353,2018-09-04 11:00:00,2018-09-04 12:00:00,2.634,
10443720000759353,2018-09-04 12:00:00,2018-09-04 13:00:00,2.912,
10443720000759353,2018-09-04 13:00:00,2018-09-04 14:00:00,4.029,
10443720000759353,2018-09-04 14:00:00,2018-09-04 15:00:00,4.808,
10443720000759353,2018-09-04 15:00:00,2018-09-04 16:00:00,3.579,
10443720000759353,2018-09-04 16:00:00,2018-09-04 17:00:00,2.643,
10443720000759353,2018-09-04 17:00:00,2018-09-04 18:00:00,3.118,
10443720000759353,2018-09-04 18:00:00,2018-09-04 19:00:00,3.218,
10443720000759353,2018-09-04 19:00:00,2018-09-04 20:00:00,2.607,
10443720000759353,2018-09-04 20:00:00,2018-09-04 21:00:00,3.784,
10443720000759353,2018-09-04 21:00:00,2018-09-04 22:00:00,4.781,
10443720000759353,2018-09-04 22:00:00,2018-09-04 23:00:00,2.832,
10443720000759353,2018-09-04 23:00:00,2018-09-05 00:00:00,2.652,
10443720000759353,2018-09-05 00:00:00,2018-09-05 01:00:00,2.567,
10443720000759353,2018-09-05 01:00:00,2018-09-05 02:00:00,1.641,
10443720000759353,2018-09-05 02:00:00,2018-09-05 03:00:00,2.429,
10443720000759353,2018-09-05 03:00:00,2018-09-05 04:00:00,1.676,
10443720000759353,2018-09-05 04:00:00,2018-09-05 05:00:00,1.51,
10443720000759353,2018-09-05 05:00:00,2018-09-05 06:00:00,1.808,
10443720000759353,2018-09-05 06:00:00,2018-09-05 07:00:00,1.035,
10443720000759353,2018-09-05 07:00:00,2018-09-05 08:00:00,2.863,
10443720000759353,2018-09-05 08:00:00,2018-09-05 09:00:00,1.033,
10443720000759353,2018-09-05 09:00:00,2018-09-05 10:00:00,2.859,
10443720000759353,2018-09-05 10:00:00,2018-09-05 11:00:00,2.802,
10443720000759353,2018-09-05 11:00:00,2018-09-05 12:00:00,3.071,
10443720000759353,2018-09-05 12:00:00,2018-09-05 13:00:00,4.662,
10443720000759353,2018-09-05 13:00:00,2018-09-05 14:00:00,4.056,
10443720000759353,2018-09-05 14:00:00,2018-09-05 15:00:00,3.675,
10443720000759353,2018-09-05 15:00:00,2018-09-05 16:00:00,2.518,
10443720000759353,2018-09-05 16:00:00,2018-09-05 17:00:00,2.621,
10443720000759353,2018-09-05 17:00:00,2018-09-05 18:00:00,2.562,
10443720000759353,2018-09-05 18:00:00,2018-09-05 19:00:00,2.627,
10443720000759353,2018-09-05 19:00:00,2018-09-05 20:00:00,2.714,
10443720000759353,2018-09-05 20:00:00,2018-09-05 21:00:00,2.55,
10443720000759353,2018-09-05 21:00:00,2018-09-05 22:00:00,1.703,
10443720000759353,2018-09-05 22:00:00,2018-09-05 23:00:00,2.189,
10443720000759353,2018-09-05 23:00:00,2018-09-06 00:00:00,3.296,
10443720000759353,2018-09-06 00:00:00,2018-09-06 01:00:00,1.228,
10443720000759353,2018-09-06 01:00:00,2018-09-06 02:00:00,1.839,
10443720000759353,2018-09-06 02:00:00,2018-09-06 03:00:00,1.002,
10443720000759353,2018-09-06 03:00:00,2018-09-06 04:00:00,1.809,
10443720000759353,2018-09-06 04:00:00,2018-09-06 05:00:00,0.804,
10443720000759353,2018-09-06 05:00:00,2018-09-06 06:00:00,1.388,
10443720000759353,2018-09-06 06:00:00,2018-09-06 07:00:00,0.738,
10443720000759353,2018-09-06 07:00:00,2018-09-06 08:00:00,1.025,
10443720000759353,2018-09-06 08:00:00,2018-09-06 09:00:00,1.709,
10443720000759353,2018-09-06 09:00:00,2018-09-06 10:00:00,1.886,
10443720000759353,2018-09-06 10:00:00,2018-09-06 11:00:00,3.077,
10443720000759353,2018-09-06 11:00:00,2018-09-06 12:00:00,2.067,
10443720000759353,2018-09-06 12:00:00,2018-09-06 13:00:00,2.85,
10443720000759353,2018-09-06 13:00:00,2018-09-06 14:00:00,4.319,
10443720000759353,2018-09-06 14:00:00,2018-09-06 15:00:00,2.9,
10443720000759353,2018-09-06 15:00:00,2018-09-06 16:00:00,2.616,
10443720000759353,2018-09-06 16:00:00,2018-09-06 17:00:00,2.477,
10443720000759353,2018-09-06 17:00:00,2018-09-06 18:00:00,2.459,
10443720000759353,2018-09-06 18:00:00,2018-09-06 19:00:00,4.43,
10443720000759353,2018-09-06 19:00:00,2018-09-06 20:00:00,3.233,
10443720000759353,2018-09-06 20:00:00,2018-09-06 21:00:00,2.452,
10443720000759353,2018-09-06 21:00:00,2018-09-06 22:00:00,1.896,
10443720000759353,2018-09-06 22:00:00,2018-09-06 23:00:00,2.327,
10443720000759353,2018-09-06 23:00:00,2018-09-07 00:00:00,1.796,
10443720000759353,2018-09-07 00:00:00,2018-09-07 01:00:00,2.244,
10443720000759353,2018-09-07 01:00:00,2018-09-07 02:00:00,1.115,
10443720000759353,2018-09-07 02:00:00,2018-09-07 03:00:00,1.78,
10443720000759353,2018-09-07 03:00:00,2018-09-07 04:00:00,0.998,
10443720000759353,2018-09-07 04:00:00,2018-09-07 05:00:00,1.297,
10443720000759353,2018-09-07 05:00:00,2018-09-07 06:00:00,0.966,
10443720000759353,2018-09-07 06:00:00,2018-09-07 07:00:00,1.626,
10443720000759353,2018-09-07 07:00:00,2018-09-07 08:00:00,2.2,
10443720000759353,2018-09-07 08:00:00,2018-09-07 09:00:00,1.233,
10443720000759353,2018-09-07 09:00:00,2018-09-07 10:00:00,2.013,
10443720000759353,2018-09-07 10:00:00,2018-09-07 11:00:00,2.691,
10443720000759353,2018-09-07 11:00:00,2018-09-07 12:00:00,2.454,
10443720000759353,2018-09-07 12:00:00,2018-09-07 13:00:00,3.969,
10443720000759353,2018-09-07 13:00:00,2018-09-07 14:00:00,3.133,
10443720000759353,2018-09-07 14:00:00,2018-09-07 15:00:00,2.522,
10443720000759353,2018-09-07 15:00:00,2018-09-07 16:00:00,2.525,
10443720000759353,2018-09-07 16:00:00,2018-09-07 17:00:00,2.447,
10443720000759353,2018-09-07 17:00:00,2018-09-07 18:00:00,2.558,
10443720000759353,2018-09-07 18:00:00,2018-09-07 19:00:00,4.493,
10443720000759353,2018-09-07 19:00:00,2018-09-07 20:00:00,4.43,
10443720000759353,2018-09-07 20:00:00,2018-09-07 21:00:00,2.755,
10443720000759353,2018-09-07 21:00:00,2018-09-07 22:00:00,2.06,
10443720000759353,2018-09-07 22:00:00,2018-09-07 23:00:00,2.788,
10443720000759353,2018-09-07 23:00:00,2018-09-08 00:00:00,3.264,
10443720000759353,2018-09-08 00:00:00,2018-09-08 01:00:00,1.469,
10443720000759353,2018-09-08 01:00:00,2018-09-08 02:00:00,2.285,
10443720000759353,2018-09-08 02:00:00,2018-09-08 03:00:00,1.135,
10443720000759353,2018-09-08 03:00:00,2018-09-08 04:00:00,1.303,
10443720000759353,2018-09-08 04:00:00,2018-09-08 05:00:00,1.143,
10443720000759353,2018-09-08 05:00:00,2018-09-08 06:00:00,1.594,
10443720000759353,2018-09-08 06:00:00,2018-09-08 07:00:00,1.106,
10443720000759353,2018-09-08 07:00:00,2018-09-08 08:00:00,2.116,
10443720000759353,2018-09-08 08:00:00,2018-09-08 09:00:00,2.343,
10443720000759353,2018-09-08 09:00:00,2018-09-08 10:00:00,2.147,
10443720000759353,2018-09-08 10:00:00,2018-09-08 11:00:00,2.269,
10443720000759353,2018-09-08 11:00:00,2018-09-08 12:00:00,1.87,
10443720000759353,2018-09-08 12:00:00,2018-09-08 13:00:00,3.528,
10443720000759353,2018-09-08 13:00:00,2018-09-08 14:00:00,2.175,
10443720000759353,2018-09-08 14:00:00,2018-09-08 15:00:00,1.751,
10443720000759353,2018-09-08 15:00:00,2018-09-08 16:00:00,2.743,
10443720000759353,2018-09-08 16:00:00,2018-09-08 17:00:00,2.481,
10443720000759353,2018-09-08 17:00:00,2018-09-08 18:00:00,4.125,
10443720000759353,2018-09-08 18:00:00,2018-09-08 19:00:00,3.054,
10443720000759353,2018-09-08 19:00:00,2018-09-08 20:00:00,2.4,
10443720000759353,2018-09-08 20:00:00,2018-09-08 21:00:00,2.443,
10443720000759353,2018-09-08 21:00:00,2018-09-08 22:00:00,2.673,
10443720000759353,2018-09-08 22:00:00,2018-09-08 23:00:00,2.328,
10443720000759353,2018-09-08 23:00:00,2018-09-09 00:00:00,1.26,
10443720000759353,2018-09-09 00:00:00,2018-09-09 01:00:00,1.658,
10443720000759353,2018-09-09 01:00:00,2018-09-09 02:00:00,0.419,
10443720000759353,2018-09-09 02:00:00,2018-09-09 03:00:00,1.832,
10443720000759353,2018-09-09 03:00:00,2018-09-09 04:00:00,1.274,
10443720000759353,2018-09-09 04:00:00,2018-09-09 05:00:00,0.344,
10443720000759353,2018-09-09 05:00:00,2018-09-09 06:00:00,1.715,
10443720000759353,2018-09-09 06:00:00,2018-09-09 07:00:00,0.988,
10443720000759353,2018-09-09 07:00:00,2018-09-09 08:00:00,0.376,
10443720000759353,2018-09-09 08:00:00,2018-09-09 09:00:00,1.22,
10443720000759353,2018-09-09 09:00:00,2018-09-09 10:00:00,0.805,
10443720000759353,2018-09-09 10:00:00,2018-09-09 11:00:00,1.56,
10443720000759353,2018-09-09 11:00:00,2018-09-09 12:00:00,1.251,
10443720000759353,2018-09-09 12:00:00,2018-09-09 13:00:00,2.716,
10443720000759353,2018-09-09 13:00:00,2018-09-09 14:00:00,1.335,
10443720000759353,2018-09-09 14:00:00,2018-09-09 15:00:00,1.988,
10443720000759353,2018-09-09 15:00:00,2018-09-09 16:00:00,1.938,
10443720000759353,2018-09-09 16:00:00,2018-09-09 17:00:00,1.494,
10443720000759353,2018-09-09 17:00:00,2018-09-09 18:00:00,3.383,
10443720000759353,2018-09-09 18:00:00,2018-09-09 19:00:00,1.467,
10443720000759353,2018-09-09 19:00:00,2018-09-09 20:00:00,1.552,
10443720000759353,2018-09-09 20:00:00,2018-09-09 21:00:00,2.128,
10443720000759353,2018-09-09 21:00:00,2018-09-09 22:00:00,0.884,
10443720000759353,2018-09-09 22:00:00,2018-09-09 23:00:00,0.985,
10443720000759353,2018-09-09 23:00:00,2018-09-10 00:00:00,1.35,
10443720000759353,2018-09-10 00:00:00,2018-09-10 01:00:00,2.251,
10443720000759353,2018-09-10 01:00:00,2018-09-10 02:00:00,0.844,
10443720000759353,2018-09-10 02:00:00,2018-09-10 03:00:00,1.441,
10443720000759353,2018-09-10 03:00:00,2018-09-10 04:00:00,1.074,
10443720000759353,2018-09-10 04:00:00,2018-09-10 05:00:00,1.281,
10443720000759353,2018-09-10 05:00:00,2018-09-10 06:00:00,1.685,
10443720000759353,2018-09-10 06:00:00,2018-09-10 07:00:00,1.38,
10443720000759353,2018-09-10 07:00:00,2018-09-10 08:00:00,0.75,
10443720000759353,2018-09-10 08:00:00,2018-09-10 09:00:00,0.689,
10443720000759353,2018-09-10 09:00:00,2018-09-10 10:00:00,1.357,
10443720000759353,2018-09-10 10:00:00,2018-09-10 11:00:00,2.99,
10443720000759353,2018-09-10 11:00:00,2018-09-10 12:00:00,1.8,
10443720000759353,2018-09-10 12:00:00,2018-09-10 13:00:00,2.246,
10443720000759353,2018-09-10 13:00:00,2018-09-10 14:00:00,1.764,
10443720000759353,2018-09-10 14:00:00,2018-09-10 15:00:00,1.895,
10443720000759353,2018-09-10 15:00:00,2018-09-10 16:00:00,0.969,
10443720000759353,2018-09-10 16:00:00,2018-09-10 17:00:00,1.08,
10443720000759353,2018-09-10 17:00:00,2018-09-10 18:00:00,2.833,
10443720000759353,2018-09-10 18:00:00,2018-09-10 19:00:00,0.685,
10443720000759353,2018-09-10 19:00:00,2018-09-10 20:00:00,3.162,
10443720000759353,2018-09-10 20:00:00,2018-09-10 21:00:00,1.926,
10443720000759353,2018-09-10 21:00:00,2018-09-10 22:00:00,2.268,
10443720000759353,2018-09-10 22:00:00,2018-09-10 23:00:00,3.026,
10443720000759353,2018-09-10 23:00:00,2018-09-11 00:00:00,1.464,
10443720000759353,2018-09-11 00:00:00,2018-09-11 01:00:00,1.385,
10443720000759353,2018-09-11 01:00:00,2018-09-11 02:00:00,2.262,
10443720000759353,2018-09-11 02:00:00,2018-09-11 03:00:00,1.199,
10443720000759353,2018-09-11 03:00:00,2018-09-11 04:00:00,0.823,
10443720000759353,2018-09-11 04:00:00,2018-09-11 05:00:00,0.508,
10443720000759353,2018-09-11 05:00:00,2018-09-11 06:00:00,1.203,
10443720000759353,2018-09-11 06:00:00,2018-09-11 07:00:00,1.005,
10443720000759353,2018-09-11 07:00:00,2018-09-11 08:00:00,1.498,
10443720000759353,2018-09-11 08:00:00,2018-09-11 09:00:00,1.126,
10443720000759353,2018-09-11 09:00:00,2018-09-11 10:00:00,0.511,
10443720000759353,2018-09-11 10:00:00,2018-09-11 11:00:00,3.194,
10443720000759353,2018-09-11 11:00:00,2018-09-11 12:00:00,4.41,
10443720000759353,2018-09-11 12:00:00,2018-09-11 13:00:00,2.885,
10443720000759353,2018-09-11 13:00:00,2018-09-11 14:00:00,1.146,
10443720000759353,2018-09-11 14:00:00,2018-09-11 15:00:00,1.378,
10443720000759353,2018-09-11 15:00:00,2018-09-11 16:00:00,1.929,
10443720000759353,2018-09-11 16:00:00,2018-09-11 17:00:00,2.711,
10443720000759353,2018-09-11 17:00:00,2018-09-11 18:00:00,1.462,
10443720000759353,2018-09-11 18:00:00,2018-09-11 19:00:00,3.365,
10443720000759353,2018-09-11 19:00:00,2018-09-11 20:00:00,1.839,
10443720000759353,2018-09-11 20:00:00,2018-09-11 21:00:00,3.135,
10443720000759353,2018-09-11 21:00:00,2018-09-11 22:00:00,5.328,
10443720000759353,2018-09-11 22:00:00,2018-09-11 23:00:00,3.575,
10443720000759353,2018-09-11 23:00:00,2018-09-12 00:00:00,2.686,
10443720000759353,2018-09-12 00:00:00,2018-09-12 01:00:00,1.739,
10443720000759353,2018-09-12 01:00:00,2018-09-12 02:00:00,1.984,
10443720000759353,2018-09-12 02:00:00,2018-09-12 03:00:00,0.645,
10443720000759353,2018-09-12 03:00:00,2018-09-12 04:00:00,2.542,
10443720000759353,2018-09-12 04:00:00,2018-09-12 05:00:00,0.659,
10443720000759353,2018-09-12 05:00:00,2018-09-12 06:00:00,1.723,
10443720000759353,2018-09-12 06:00:00,2018-09-12 07:00:00,1.279,
10443720000759353,2018-09-12 07:00:00,2018-09-12 08:00:00,2.418,
10443720000759353,2018-09-12 08:00:00,2018-09-12 09:00:00,1.731,
10443720000759353,2018-09-12 09:00:00,2018-09-12 10:00:00,1.548,
10443720000759353,2018-09-12 10:00:00,2018-09-12 11:00:00,3.418,
10443720000759353,2018-09-12 11:00:00,2018-09-12 12:00:00,2.412,
10443720000759353,2018-09-12 12:00:00,2018-09-12 13:00:00,2.875,
10443720000759353,2018-09-12 13:00:00,2018-09-12 14:00:00,3.443,
10443720000759353,2018-09-12 14:00:00,2018-09-12 15:00:00,0.953,
10443720000759353,2018-09-12 15:00:00,2018-09-12 16:00:00,2.846,
10443720000759353,2018-09-12 16:00:00,2018-09-12 17:00:00,2.716,
10443720000759353,2018-09-12 17:00:00,2018-09-12 18:00:00,2.802,
10443720000759353,2018-09-12 18:00:00,2018-09-12 19:00:00,0.886,
10443720000759353,2018-09-12 19:00:00,2018-09-12 20:00:00,0.723,
10443720000759353,2018-09-12 20:00:00,2018-09-12 21:00:00,1.245,
10443720000759353,2018-09-12 21:00:00,2018-09-12 22:00:00,2.16,
10443720000759353,2018-09-12 22:00:00,2018-09-12 23:00:00,2.924,
10443720000759353,2018-09-12 23:00:00,2018-09-13 00:00:00,3.088,
10443720000759353,2018-09-13 00:00:00,2018-09-13 01:00:00,3.121,
10443720000759353,2018-09-13 01:00:00,2018-09-13 02:00:00,2.358,
10443720000759353,2018-09-13 02:00:00,2018-09-13 03:00:00,1.291,
10443720000759353,2018-09-13 03:00:00,2018-09-13 04:00:00,2.215,
10443720000759353,2018-09-13 04:00:00,2018-09-13 05:00:00,1.285,
10443720000759353,2018-09-13 05:00:00,2018-09-13 06:00:00,1.825,
10443720000759353,2018-09-13 06:00:00,2018-09-13 07:00:00,1.344,
10443720000759353,2018-09-13 07:00:00,2018-09-13 08:00:00,0.657,
10443720000759353,2018-09-13 08:00:00,2018-09-13 09:00:00,3.332,
10443720000759353,2018-09-13 09:00:00,2018-09-13 10:00:00,1.51,
10443720000759353,2018-09-13 10:00:00,2018-09-13 11:00:00,2.32,
10443720000759353,2018-09-13 11:00:00,2018-09-13 12:00:00,3.254,
10443720000759353,2018-09-13 12:00:00,2018-09-13 13:00:00,3.5,
10443720000759353,2018-09-13 13:00:00,2018-09-13 14:00:00,2.277,
10443720000759353,2018-09-13 14:00:00,2018-09-13 15:00:00,2.976,
10443720000759353,2018-09-13 15:00:00,2018-09-13 16:00:00,2.595,
10443720000759353,2018-09-13 16:00:00,2018-09-13 17:00:00,2.528,
10443720000759353,2018-09-13 17:00:00,2018-09-13 18:00:00,3.22,
10443720000759353,2018-09-13 18:00:00,2018-09-13 19:00:00,4.416,
10443720000759353,2018-09-13 19:00:00,2018-09-13 20:00:00,3.857,
10443720000759353,2018-09-13 20:00:00,2018-09-13 21:00:00,2.822,
10443720000759353,2018-09-13 21:00:00,2018-09-13 22:00:00,3.676,
10443720000759353,2018-09-13 22:00:00,2018-09-13 23:00:00,1.21,
10443720000759353,2018-09-13 23:00:00,2018-09-14 00:00:00,2.16,
10443720000759353,2018-09-14 00:00:00,2018-09-14 01:00:00,1.719,
10443720000759353,2018-09-14 01:00:00,2018-09-14 02:00:00,1.434,
10443720000759353,2018-09-14 02:00:00,2018-09-14 03:00:00,1.676,
10443720000759353,2018-09-14 03:00:00,2018-09-14 04:00:00,0.233,
10443720000759353,2018-09-14 04:00:00,2018-09-14 05:00:00,1.438,
10443720000759353,2018-09-14 05:00:00,2018-09-14 06:00:00,0.993,
10443720000759353,2018-09-14 06:00:00,2018-09-14 07:00:00,0.249,
10443720000759353,2018-09-14 07:00:00,2018-09-14 08:00:00,1.47,
10443720000759353,2018-09-14 08:00:00,2018-09-14 09:00:00,0.825,
10443720000759353,2018-09-14 09:00:00,2018-09-14 10:00:00,0.804,
10443720000759353,2018-09-14 10:00:00,2018-09-14 11:00:00,3.731,
10443720000759353,2018-09-14 11:00:00,2018-09-14 12:00:00,2.331,
10443720000759353,2018-09-14 12:00:00,2018-09-14 13:00:00,2.767,
10443720000759353,2018-09-14 13:00:00,2018-09-14 14:00:00,3.209,
10443720000759353,2018-09-14 14:00:00,2018-09-14 15:00:00,2.503,
10443720000759353,2018-09-14 15:00:00,2018-09-14 16:00:00,2.798,
10443720000759353,2018-09-14 16:00:00,2018-09-14 17:00:00,2.563,
10443720000759353,2018-09-14 17:00:00,2018-09-14 18:00:00,2.988,
10443720000759353,2018-09-14 18:00:00,2018-09-14 19:00:00,2.27,
10443720000759353,2018-09-14 19:00:00,2018-09-14 20:00:00,3.337,
10443720000759353,2018-09-14 20:00:00,2018-09-14 21:00:00,6.552,
10443720000759353,2018-09-14 21:00:00,2018-09-14 22:00:00,3.402,
10443720000759353,2018-09-14 22:00:00,2018-09-14 23:00:00,3.484,
10443720000759353,2018-09-14 23:00:00,2018-09-15 00:00:00,3.272,
10443720000759353,2018-09-15 00:00:00,2018-09-15 01:00:00,1.951,
10443720000759353,2018-09-15 01:00:00,2018-09-15 02:00:00,1.517,
10443720000759353,2018-09-15 02:00:00,2018-09-15 03:00:00,1.735,
10443720000759353,2018-09-15 03:00:00,2018-09-15 04:00:00,1.139,
10443720000759353,2018-09-15 04:00:00,2018-09-15 05:00:00,1.608,
10443720000759353,2018-09-15 05:00:00,2018-09-15 06:00:00,1.097,
10443720000759353,2018-09-15 06:00:00,2018-09-15 07:00:00,0.914,
10443720000759353,2018-09-15 07:00:00,2018-09-15 08:00:00,1.327,
10443720000759353,2018-09-15 08:00:00,2018-09-15 09:00:00,1.167,
10443720000759353,2018-09-15 09:00:00,2018-09-15 10:00:00,4.508,
10443720000759353,2018-09-15 10:00:00,2018-09-15 11:00:00,2.695,
10443720000759353,2018-09-15 11:00:00,2018-09-15 12:00:00,2.447,
10443720000759353,2018-09-15 12:00:00,2018-09-15 13:00:00,3.428,
10443720000759353,2018-09-15 13:00:00,2018-09-15 14:00:00,2.554,
10443720000759353,2018-09-15 14:00:00,2018-09-15 15:00:00,3.376,
10443720000759353,2018-09-15 15:00:00,2018-09-15 16:00:00,4.304,
10443720000759353,2018-09-15 16:00:00,2018-09-15 17:00:00,4.089,
10443720000759353,2018-09-15 17:00:00,2018-09-15 18:00:00,3.261,
10443720000759353,2018-09-15 18:00:00,2018-09-15 19:00:00,2.334,
10443720000759353,2018-09-15 19:00:00,2018-09-15 20:00:00,2.305,
10443720000759353,2018-09-15 20:00:00,2018-09-15 21:00:00,2.586,
10443720000759353,2018-09-15 21:00:00,2018-09-15 22:00:00,3.704,
10443720000759353,2018-09-15 22:00:00,2018-09-15 23:00:00,3.007,
10443720000759353,2018-09-15 23:00:00,2018-09-16 00:00:00,3.562,
10443720000759353,2018-09-16 00:00:00,2018-09-16 01:00:00,3.273,
10443720000759353,2018-09-16 01:00:00,2018-09-16 02:00:00,1.171,
10443720000759353,2018-09-16 02:00:00,2018-09-16 03:00:00,2.218,
10443720000759353,2018-09-16 03:00:00,2018-09-16 04:00:00,2.785,
10443720000759353,2018-09-16 04:00:00,2018-09-16 05:00:00,1.384,
10443720000759353,2018-09-16 05:00:00,2018-09-16 06:00:00,1.627,
10443720000759353,2018-09-16 06:00:00,2018-09-16 07:00:00,1.504,
10443720000759353,2018-09-16 07:00:00,2018-09-16 08:00:00,2.499,
10443720000759353,2018-09-16 08:00:00,2018-09-16 09:00:00,1.24,
10443720000759353,2018-09-16 09:00:00,2018-09-16 10:00:00,1.141,
10443720000759353,2018-09-16 10:00:00,2018-09-16 11:00:00,2.15,
10443720000759353,2018-09-16 11:00:00,2018-09-16 12:00:00,2.749,
10443720000759353,2018-09-16 12:00:00,2018-09-16 13:00:00,3.122,
10443720000759353,2018-09-16 13:00:00,2018-09-16 14:00:00,2.97,
10443720000759353,2018-09-16 14:00:00,2018-09-16 15:00:00,3.691,
10443720000759353,2018-09-16 15:00:00,2018-09-16 16:00:00,5.044,
10443720000759353,2018-09-16 16:00:00,2018-09-16 17:00:00,2.825,
10443720000759353,2018-09-16 17:00:00,2018-09-16 18:00:00,2.78,
10443720000759353,2018-09-16 18:00:00,2018-09-16 19:00:00,3.471,
10443720000759353,2018-09-16 19:00:00,2018-09-16 20:00:00,3.064,
10443720000759353,2018-09-16 20:00:00,2018-09-16 21:00:00,2.157,
10443720000759353,2018-09-16 21:00:00,2018-09-16 22:00:00,2.694,
10443720000759353,2018-09-16 22:00:00,2018-09-16 23:00:00,2.305,
10443720000759353,2018-09-16 23:00:00,2018-09-17 00:00:00,2.075,
10443720000759353,2018-09-17 00:00:00,2018-09-17 01:00:00,2.534,
10443720000759353,2018-09-17 01:00:00,2018-09-17 02:00:00,0.622,
10443720000759353,2018-09-17 02:00:00,2018-09-17 03:00:00,2.202,
10443720000759353,2018-09-17 03:00:00,2018-09-17 04:00:00,1.085,
10443720000759353,2018-09-17 04:00:00,2018-09-17 05:00:00,1.192,
10443720000759353,2018-09-17 05:00:00,2018-09-17 06:00:00,2.005,
10443720000759353,2018-09-17 06:00:00,2018-09-17 07:00:00,0.55,
10443720000759353,2018-09-17 07:00:00,2018-09-17 08:00:00,0.822,
10443720000759353,2018-09-17 08:00:00,2018-09-17 09:00:00,1.097,
10443720000759353,2018-09-17 09:00:00,2018-09-17 10:00:00,2.616,
10443720000759353,2018-09-17 10:00:00,2018-09-17 11:00:00,3.284,
10443720000759353,2018-09-17 11:00:00,2018-09-17 12:00:00,4.341,
10443720000759353,2018-09-17 12:00:00,2018-09-17 13:00:00,2.608,
10443720000759353,2018-09-17 13:00:00,2018-09-17 14:00:00,3.19,
10443720000759353,2018-09-17 14:00:00,2018-09-17 15:00:00,2.675,
10443720000759353,2018-09-17 15:00:00,2018-09-17 16:00:00,2.655,
10443720000759353,2018-09-17 16:00:00,2018-09-17 17:00:00,2.629,
10443720000759353,2018-09-17 17:00:00,2018-09-17 18:00:00,2.8,
10443720000759353,2018-09-17 18:00:00,2018-09-17 19:00:00,3.122,
10443720000759353,2018-09-17 19:00:00,2018-09-17 20:00:00,3.055,
10443720000759353,2018-09-17 20:00:00,2018-09-17 21:00:00,2.631,
10443720000759353,2018-09-17 21:00:00,2018-09-17 22:00:00,3.965,
10443720000759353,2018-09-17 22:00:00,2018-09-17 23:00:00,2.878,
10443720000759353,2018-09-17 23:00:00,2018-09-18 00:00:00,2.704,
10443720000759353,2018-09-18 00:00:00,2018-09-18 01:00:00,2.116,
10443720000759353,2018-09-18 01:00:00,2018-09-18 02:00:00,2.144,
10443720000759353,2018-09-18 02:00:00,2018-09-18 03:00:00,1.347,
10443720000759353,2018-09-18 03:00:00,2018-09-18 04:00:00,0.814,
10443720000759353,2018-09-18 04:00:00,2018-09-18 05:00:00,1.955,
10443720000759353,2018-09-18 05:00:00,2018-09-18 06:00:00,1.119,
10443720000759353,2018-09-18 06:00:00,2018-09-18 07:00:00,0.396,
10443720000759353,2018-09-18 07:00:00,2018-09-18 08:00:00,1.901,
10443720000759353,2018-09-18 08:00:00,2018-09-18 09:00:00,1.324,
10443720000759353,2018-09-18 09:00:00,2018-09-18 10:00:00,1.292,
10443720000759353,2018-09-18 10:00:00,2018-09-18 11:00:00,2.961,
10443720000759353,2018-09-18 11:00:00,2018-09-18 12:00:00,4.144,
10443720000759353,2018-09-18 12:00:00,2018-09-18 13:00:00,2.732,
10443720000759353,2018-09-18 13:00:00,2018-09-18 14:00:00,2.654,
10443720000759353,2018-09-18 14:00:00,2018-09-18 15:00:00,3.002,
10443720000759353,2018-09-18 15:00:00,2018-09-18 16:00:00,2.644,
10443720000759353,2018-09-18 16:00:00,2018-09-18 17:00:00,2.945,
10443720000759353,2018-09-18 17:00:00,2018-09-18 18:00:00,2.996,
10443720000759353,2018-09-18 18:00:00,2018-09-18 19:00:00,2.674,
10443720000759353,2018-09-18 19:00:00,2018-09-18 20:00:00,2.796,
10443720000759353,2018-09-18 20:00:00,2018-09-18 21:00:00,3.375,
10443720000759353,2018-09-18 21:00:00,2018-09-18 22:00:00,3.478,
10443720000759353,2018-09-18 22:00:00,2018-09-18 23:00:00,2.935,
10443720000759353,2018-09-18 23:00:00,2018-09-19 00:00:00,2.498,
